attention,meditation,delta,theta,lowAplha,highAlpha,lowBeta,highBeta,lowGamma,highGamma,event
27,47,439078,99126,7560,7995,8327,4843,2254,8466,L
20,56,631987,94439,70987,8965,8004,4906,2558,8088,L
29,56,557709,89552,14936,4834,14089,4735,1588,12743,L
26,51,15293,14749,4411,3013,4824,5736,3739,12881,L
80,41,24332,15336,4630,5741,11720,6295,2579,14903,L
100,50,40751,23779,8603,4676,2259,6680,3765,10235,L
91,60,38937,13589,8383,7842,7211,4345,2742,12523,L
83,78,18744,29575,9809,22878,6849,5145,4446,10497,L
70,88,44178,18241,8129,10792,2176,4341,2039,8010,L
87,96,73086,10537,12062,11262,14179,7974,2165,8405,L
78,81,289454,40820,1871,7396,5850,2330,1796,2317,L
66,74,1358154,205667,31342,60160,25282,17488,8479,12694,L
37,77,375965,62416,72415,17014,17850,7236,4140,5252,L
11,80,873742,91174,89978,11658,11277,8348,3322,11421,L
23,93,23245,48369,23966,19577,5049,8809,4520,8578,L
74,74,27669,29765,7436,6824,4077,12732,8814,8889,L
87,74,12141,26633,2251,7463,16989,8415,4696,7030,L
70,87,9072,21718,16400,30728,5599,3027,2906,5782,L
87,78,4750,9109,657,7523,3722,5953,4970,11663,L
78,67,345983,117771,16792,12709,18282,15680,4885,7904,L
64,35,1205557,301623,63979,44459,30353,27621,16117,11069,R
81,8,896246,99901,18927,3301,11449,23358,5041,4199,R
70,8,623980,315565,15893,71190,66054,40632,28468,13353,R
57,1,1070388,844267,249668,52000,19666,51459,15443,13547,R
44,24,24018,8779,27588,25490,2165,1994,6272,3200,R
48,41,10329,10127,3411,7024,4884,4671,2006,1199,R
53,60,32861,12376,13659,7803,7289,4244,2232,886,R
100,41,19741,16389,14998,13402,9698,5364,9168,2354,R
100,53,22104,5324,8730,6612,1548,4563,4253,2139,R
100,29,8005,15969,1543,1995,8896,9523,1993,1166,R
100,27,42492,14761,3632,2728,2410,3096,3061,2099,R
100,17,11105,13517,4174,3422,8339,7566,9677,2937,R
100,1,87110,15358,3716,3473,3214,8711,1317,3254,R
87,17,10070,21952,5410,2968,2683,2942,2767,1447,R
84,43,19453,3170,2983,6322,11789,5178,3892,1912,R
81,41,28782,22366,6138,4324,5329,5033,1914,924,R
78,24,49681,17943,9764,993,3349,13815,7236,4732,R
54,30,8409,18227,10516,12548,6948,3367,4505,893,R
50,34,17087,46507,8507,15253,3954,3589,2576,632,R
30,56,12606,6296,29103,19838,9583,6338,1374,2142,R
38,50,23622,14753,3668,35300,1058,3935,1976,1008,R
40,48,52549,47951,5197,7420,6294,5753,1197,1080,R
16,53,28329,88459,15216,54048,6253,3280,6025,1217,R
24,38,15218,11580,3858,8030,5780,2831,1359,4015,R
13,30,136341,20833,3243,3446,1428,758,421,129,R
20,44,260610,18393,8233,15182,9155,6377,2266,2049,R
44,50,8369,27620,12150,36753,1600,10573,1077,1453,R
83,60,5987,23947,4948,5376,5601,11168,1056,1721,R
78,60,11004,25329,11383,8785,4411,6212,2635,1749,R
67,51,3545,24772,6262,20386,5089,4350,2830,1333,R
57,66,34577,10205,2411,21042,5740,5107,1537,1035,R
67,61,5595,5541,4070,9698,5072,4119,2806,1272,R
24,75,136721,29399,4777,42155,3734,3773,2095,1648,L
27,100,1183980,103128,150282,40949,28830,8422,4010,1705,L
16,100,108333,25248,27242,18035,7799,2245,3504,1674,L
7,70,62914,108926,11147,6691,4472,3385,2708,1797,L
7,69,42803,49766,29253,35221,4928,5500,3566,1825,L
1,61,61410,78819,43191,4578,3626,2413,798,6888,L
1,64,61091,26716,46960,22045,9855,1867,1308,3842,L
4,74,65400,49558,13331,4475,1767,4550,1777,2238,L
16,80,9416,3492,5745,19792,3525,3632,2291,2274,L
30,84,4501,12291,8928,3600,1328,1722,1140,4578,L
56,78,2893,7096,9153,2795,2492,3322,4977,2817,L
67,90,12554,3841,2475,10176,4630,2855,1549,1116,L
61,83,8667,21646,11883,17099,1569,3363,803,1892,L
48,75,67575,56488,18787,6737,3893,1919,975,2726,L
43,64,463999,111527,47860,7436,21744,17437,4337,2496,L
44,61,8843,11163,8920,5009,2314,5489,2384,1393,L
57,74,17872,41972,28891,24565,2709,2437,1935,2361,L
60,80,10297,10619,5969,5336,3806,2691,1363,2076,L
35,61,71630,55291,3769,3888,7884,1750,3033,1656,L
24,57,59483,18882,2946,23503,2632,3466,2273,1693,L
37,57,19907,41354,7448,4265,3072,2041,3767,1406,L
27,67,9182,8610,1361,34700,3261,1657,2499,3020,L
38,66,21070,12283,2344,8670,4096,4172,1452,2447,L
57,57,44417,15582,5371,1377,3095,6877,536,1778,L
60,57,43884,86349,15871,6953,4381,4849,5760,1845,L
74,47,7367,11647,7329,6488,1934,3204,1202,1595,L
47,47,98165,39394,5698,13123,1568,1235,1172,2312,L
60,67,8030,4159,6261,4826,4317,3334,2357,971,L
40,66,70649,66508,12047,19631,3126,3055,2400,972,L
40,66,14439,11389,4319,9189,6551,4487,1554,2589,L
23,63,22743,35863,11709,15388,4194,3714,3982,1510,L
54,70,75666,25911,4775,10054,1554,5322,3362,1394,L
43,69,50623,29707,14410,7314,4365,3229,1699,3527,L
60,74,6623,17230,3145,13188,2093,4048,4802,1493,L
69,69,33102,14869,6583,4286,9633,9195,1283,967,L
87,77,2955,7743,10905,9481,3897,6818,1730,1105,L
87,53,13741,48770,3661,11169,2281,6420,1328,1557,L
100,43,39895,12966,2028,4547,5259,8152,3407,1652,L
90,47,17579,25407,9654,4948,3901,5433,526,1711,L
80,44,9244,23491,4603,22214,6302,4640,3087,2392,L
84,53,12396,22533,15273,5689,5994,7055,2265,1340,L
61,61,20985,26288,8466,11839,3547,2761,3836,2219,L
57,60,40223,36568,8071,7277,1197,5576,1035,1212,L
64,69,24933,4417,15967,12152,2627,5801,1076,892,L
64,60,22790,21775,6930,494,4660,4290,2711,1640,L
69,40,72609,47758,755,3205,2004,4501,1992,1854,L
64,56,49055,12147,19286,12858,3161,3060,1917,1314,L
70,51,86685,5581,1371,18083,1948,7788,1952,1499,L
70,60,11450,42947,4279,22828,3718,9315,956,742,L
66,93,10085,6951,6166,37514,8720,3272,1441,2067,L
70,91,4366,14995,15039,27240,4900,5693,2314,1664,L
64,93,4724,5153,4222,15791,3675,4657,1665,1726,L
57,100,3662,15338,22327,16833,15221,3848,3527,713,L
77,88,23049,6667,2181,8160,5450,4691,6062,2990,L
74,81,9914,14848,17402,13516,8279,4634,2604,1800,L
90,63,11523,17143,272,4264,3995,6646,1516,1511,L
81,70,9721,9672,8075,15068,1004,4733,2514,2273,L
69,57,22202,29894,4774,6423,8324,2551,1650,1642,L
78,57,18389,13410,6997,29006,3276,10788,2458,1536,L
100,14,151383,52613,11762,25052,10145,15254,2287,1445,R
88,34,191010,53864,61936,13042,16269,5947,6598,562,R
56,35,476784,58876,11945,5754,6816,2098,1875,566,R
16,29,418648,208639,45627,41219,23983,6922,4330,3354,R
7,20,426168,74624,21826,3553,11248,9340,2791,2804,R
23,10,29540,20175,9484,4797,2057,4223,5631,1682,R
26,13,583143,108875,13374,29180,16639,5974,15062,4327,R
66,21,36196,12034,3954,7479,1086,7332,2709,1637,R
54,35,37541,60917,17230,24450,3041,4103,2058,2142,R
60,57,138613,11064,26219,15750,3460,7842,2827,3503,R
77,70,23544,22032,6790,14558,5362,5064,1830,3607,R
56,75,5499,14208,2731,12016,3704,2669,4603,1411,R
70,61,54293,23591,2954,8238,7728,4325,1320,1758,R
81,41,14973,5736,3445,4050,3386,3594,3589,1499,R
77,50,29378,12193,4056,18131,3252,3042,2284,3347,R
69,60,3806,14034,5896,20680,4905,2344,4330,4080,R
81,57,59742,14155,985,5144,1976,4966,4038,2710,R
63,66,17590,15821,7432,15719,3624,3475,2270,1847,R
87,67,32148,6646,8817,8662,2912,2496,2981,2103,R
53,94,55046,26457,4865,37764,3824,2008,2200,1741,R
51,87,64935,47272,11628,21468,4629,5802,2035,3811,R
48,74,22462,14809,3986,4662,2144,4144,2309,1831,R
47,57,22536,15671,4565,7945,1996,2567,4301,2768,R
47,40,75759,62676,11560,23292,11343,2548,1984,2913,R
35,37,91178,32456,11809,6658,5471,1781,3584,879,R
40,26,44724,5205,1362,6210,22259,3559,1830,1019,R
23,34,115918,30126,6560,26832,2923,2295,2658,893,R
51,53,7420,6284,10354,14436,6098,5142,1495,3928,R
66,56,104274,27441,13088,10716,2243,5066,2593,1678,R
70,57,65106,56929,11312,16260,8451,6193,2223,2034,R
66,56,9679,15202,510,32496,8632,5700,2294,1696,R
61,75,45714,6065,17445,15495,7859,2714,2300,822,R
56,70,14018,28367,12307,7731,6132,5583,4422,2673,R
63,93,2543,11552,23655,7602,7932,5001,2535,2502,R
57,88,10154,18033,14790,11429,5868,3810,3288,1633,R
69,88,22849,13253,8762,36524,1142,8736,2008,2548,R
64,97,15302,28441,2079,27573,3138,4969,1588,697,R
53,63,107447,85824,5640,10780,3452,6081,1791,1023,R
60,60,46484,48545,21303,29824,2368,13398,2042,1858,R
51,30,40024,48301,19063,4917,6486,5980,2206,1098,R
63,23,8943,20557,7152,12970,13113,7106,1928,1446,R
66,57,9993,9644,13823,16185,6087,2940,1137,4189,R
53,63,52219,37562,17855,35086,10382,5029,1553,2730,R
66,77,11914,16457,12007,11798,2326,8009,1131,1015,R
67,78,19110,4818,1349,13969,3768,5156,1130,900,R
67,81,10043,17639,7256,18948,2640,2235,1559,1024,R
63,70,11620,17087,2212,11073,7006,4560,963,1287,R
69,61,2349,5412,2324,4868,4940,3392,2568,2010,R
81,70,27505,14094,4875,10627,6083,2221,1382,1155,R
83,87,5537,5652,11904,27458,3464,3943,2541,1157,R
66,100,4073,8435,15292,14085,5241,3388,1179,1461,R
61,93,15663,7982,17717,5158,8558,5258,2952,2344,R
77,91,18705,7358,4218,7082,2773,3667,2292,919,R
69,83,13936,5439,5207,14420,4304,1601,4133,1850,R
64,91,17329,10025,7962,34936,1324,3305,2350,1229,R
66,96,12316,5767,6908,10592,1754,4456,1067,1062,R
48,84,32753,22500,1524,9937,4256,2010,965,1216,R
88,63,7260,5111,7756,2077,2218,4672,1005,903,R
80,47,8248,17934,8328,2958,1171,3358,857,2931,R
90,69,5874,3221,7531,17040,6207,3140,2679,1420,R
70,83,15124,9897,11361,37973,3988,2880,1581,2356,R
26,80,15654,19894,3917,8964,13919,11007,1988,2792,L
24,77,4825,17137,2906,20513,3447,3776,2437,1370,L
17,77,6873,5858,5723,23111,2345,4387,1769,1309,L
1,100,24401,6321,22519,9270,3143,2963,4399,2539,L
1,100,75671,20704,14392,4126,5926,2988,2595,1794,L
1,67,101862,82359,3398,8170,6818,12669,5166,2363,L
8,50,8107,12199,6274,5006,1499,5088,1296,1424,L
3,29,171376,115629,7751,13719,12673,5212,884,806,L
3,26,168666,23235,5111,11218,7443,2618,4230,502,L
1,50,29754,24695,16663,10834,2574,3275,2982,2561,L
1,44,26922,30547,11747,3941,9443,5011,2269,1598,L
1,66,80100,34403,20359,27028,6566,5480,3865,2082,L
1,66,106102,41428,7200,13363,7276,3573,1290,5255,L
1,47,31751,52375,501,10689,6586,4876,1999,654,L
1,61,28304,19508,28529,8250,2106,2784,5132,1911,L
1,60,53094,19287,6178,18103,4493,3710,2458,1696,L
1,56,115195,48363,4662,13334,3993,5831,925,2369,L
1,78,33611,22996,12980,28520,9489,6419,1694,1171,L
4,63,68464,56110,22711,6952,5039,7416,2725,2821,L
13,63,55931,21473,10447,16296,4858,8738,4298,978,L
24,80,22907,7063,18606,5253,3859,6779,3127,1099,L
23,84,6507,12769,32490,4294,4072,4002,3441,1492,L
27,88,58389,17971,9914,11757,13531,5188,1269,791,L
11,100,30821,8682,26246,32382,3822,3469,1473,961,L
13,88,52169,30227,16312,7791,9682,12348,5955,2228,L
21,78,87153,19194,18015,14009,6208,7978,2953,2296,L
13,84,42402,8461,13789,11366,7526,2487,1184,1908,L
26,83,19557,3927,27134,5583,16236,7630,3589,1261,L
21,87,14670,18830,35749,10707,6953,6334,2872,926,L
29,78,23775,19762,4244,16741,12485,4933,3858,1120,L
27,74,51160,13986,23157,1400,12528,5236,2297,1368,L
20,64,28980,16495,9549,15322,5251,6167,2707,1276,L
14,70,77443,26345,11089,37794,9145,6638,2550,1315,L
23,78,18715,8880,21920,12132,1356,4697,3823,2011,L
34,77,21388,9278,9526,11459,6215,10800,3008,1270,L
44,70,42155,10748,6117,11631,8346,6304,2796,1490,L
50,83,863,5931,2082,18806,5234,6648,2671,740,L
56,56,7553,32965,4755,5156,10339,8109,1512,1452,L
40,64,41123,10900,11343,26080,4376,4380,1335,1395,L
34,60,27049,34592,6708,9309,3268,6957,2256,1328,L
24,63,6848,9932,14206,21682,7324,4878,1615,1286,L
27,70,46564,20933,10419,6553,11850,11000,1805,789,L
48,57,5122,13033,7452,11497,2275,15474,6489,1546,L
41,69,25783,21146,3280,39939,9402,4909,2691,771,L
47,69,64506,5054,8102,13981,5084,4106,2760,2109,L
60,70,12536,1911,8385,1755,8559,9660,1170,2733,L
40,83,3506,14550,16618,35328,5856,6513,2012,1167,L
51,81,8882,12913,7837,21868,7091,7892,4420,1408,L
61,77,1717,4327,4024,16347,8078,9636,977,2561,L
51,83,13668,2269,1875,14801,7518,7605,5164,2159,L
66,75,9263,12636,2806,22950,7204,12264,2883,2197,L
66,70,23572,13830,8027,9688,4071,6598,2417,743,L
48,69,2695,24963,21036,8688,5608,5053,3958,914,L
35,78,20725,7246,21398,15664,5364,5583,2642,1553,L
21,75,8928,32491,7933,15591,7159,5271,3667,456,L
7,80,5090,31313,37489,17021,6825,4929,4165,966,L
4,83,41649,28495,21905,23032,7167,5229,6060,1111,L
4,70,9805,20622,17551,16665,21818,6790,2624,2143,L
7,80,4257,15461,13428,18373,5878,5080,2451,850,L
21,74,9083,18019,5491,15491,6907,7447,2632,2350,L
41,75,87165,5181,21453,21204,7906,19472,2254,4811,L
47,78,8378,17706,7466,27172,7181,9469,2737,1548,L
44,84,18420,11938,11027,55191,8736,6893,2497,2757,L
29,94,12099,12375,19763,13068,7625,2373,4002,1851,L
11,88,12426,19631,6374,13593,5509,3655,3546,1355,L
17,66,15520,7875,2433,9480,11119,3818,1384,1646,L
41,61,9206,3505,3981,13684,4769,7877,6762,1515,L
51,67,15588,23501,39000,20276,10230,18396,3751,3514,L
57,70,9182,12753,5796,21791,8020,10657,3876,2240,L
61,77,18409,8861,4737,15661,8791,8169,2540,584,L
40,74,12385,27201,13303,15373,5684,3369,3248,1797,L
44,67,26918,19749,3100,24135,4321,15087,4368,1574,L
30,57,27415,36800,1757,13959,6308,4179,2639,854,L
20,63,3959,5922,17350,6770,11145,2934,2224,1492,L
35,66,29890,7330,10267,10026,3647,5848,6464,2894,L
20,78,14842,14220,9911,46830,7582,6854,4450,1954,L
34,77,38421,35925,655,18138,9795,15087,2753,1868,L
37,80,8347,8219,7429,22879,5514,5486,3293,909,L
20,80,55009,21528,19372,23167,7788,3573,7024,2202,L
27,57,17420,39050,9571,6399,9290,9439,3891,1320,L
26,61,30466,15414,5778,16215,7789,14876,3669,708,L
43,66,24627,8260,5762,11141,9635,10292,2948,941,L
48,64,7935,16341,5761,23139,7725,6057,1718,1508,L
43,64,4779,26856,2031,25840,10362,13609,3870,2508,L
47,63,100494,44912,11526,30935,8002,10458,5348,2099,L
23,81,4390,26856,7023,19576,7141,13619,2809,916,R
26,81,15035,4218,9764,31347,15113,4209,3683,1323,R
21,69,24336,16888,2924,20680,2542,2555,1558,939,R
20,83,4143,17158,8683,27314,3667,4389,1748,477,R
17,74,97356,21412,1467,5368,6223,6565,4700,1233,R
20,57,66550,46495,21752,9807,7206,9181,4237,870,R
30,48,3359,26274,4941,12770,4225,9481,3998,2019,R
43,43,39948,12407,9362,17266,6306,13121,6416,3525,R
37,66,11775,8410,5150,13594,7528,2790,1979,1183,R
40,74,3904,7964,5315,10806,1260,7584,4153,1460,R
37,69,12868,10742,9540,4718,5673,6113,4081,2551,R
37,66,29905,16682,13655,4168,7440,4840,3781,1527,R
37,67,5462,20840,27574,14772,6884,6516,1372,1259,R
30,64,8539,27970,2917,25442,7703,9054,3515,1475,R
26,64,23885,31663,10919,16664,6830,8851,4312,2023,R
24,70,18469,24573,28647,9824,2803,7510,2217,1487,R
27,57,9478,42879,4456,20741,11770,9330,3489,1568,R
29,57,27575,21207,1333,20559,5224,7865,2815,1214,R
20,50,110247,97421,2665,29109,13272,5886,2691,2361,R
21,38,7363,16065,5464,5939,8919,3762,971,2169,R
23,43,45005,8609,7196,7513,11459,4521,2226,560,R
29,41,11502,13426,633,18816,7165,13692,3640,1586,R
43,61,23288,6441,6791,6609,2522,2909,2172,1168,R
41,63,9463,9800,2162,20014,15584,4830,4100,602,R
7,84,16475,54048,29649,15797,6430,2495,1952,2121,R
1,75,104497,25309,10767,6250,11088,2996,2738,1468,R
20,64,5439,15672,10366,26219,5085,5453,3705,2141,R
24,67,15511,34409,22003,5512,4894,8948,1229,2218,R
21,70,92249,30728,10989,24525,6162,6183,6456,1903,R
20,69,54392,20396,3533,18512,9826,4673,1329,971,R
24,56,22395,40864,4314,22955,5578,14286,3311,1775,R
29,60,42180,14655,8730,26878,14815,12584,2570,1352,R
29,69,10914,12772,26112,18530,2916,5112,2544,1083,R
17,64,69085,154286,20637,39679,7241,6718,3321,1746,R
14,66,41404,25546,8806,14685,7704,5542,3624,787,R
14,47,2664,43511,7691,10631,8288,6913,2381,1271,R
29,60,3915,7281,8773,17061,6925,6784,2026,1030,R
34,64,53095,15718,10874,16578,9117,7040,2304,630,R
38,64,1788,5009,7798,14670,10167,8853,2913,1318,R
44,77,33473,10717,7113,24684,13404,9912,1863,1443,R
35,81,30444,16721,26320,26825,5785,4471,2548,1694,R
26,81,20439,47065,7916,42832,7934,6251,6013,1129,R
11,100,36943,6772,10337,22224,7130,5231,1113,592,R
21,100,10991,4519,11955,14970,4945,5900,6351,891,R
44,66,6601,7470,1474,2757,6891,3819,1583,982,R
43,61,52350,21788,20632,12528,4846,6925,2755,718,R
43,54,8128,13390,4446,17682,5005,5935,1402,685,R
43,56,33096,10092,6808,5463,5264,6119,2629,747,R
41,77,54175,7142,23847,20964,6991,12405,4973,3237,R
44,64,11557,20448,10709,3556,13182,6113,2789,1214,R
43,74,29778,9851,47994,16401,15289,10752,2245,1821,R
44,69,37725,18397,1597,13048,5559,13137,2469,910,R
40,57,6966,16672,3230,18437,10320,5006,3705,1363,R
37,61,26367,22401,1384,16832,10693,4340,4616,1907,R
38,53,20000,13627,9331,16050,6552,6664,1489,1032,R
34,57,19076,23799,11224,13171,8104,8334,3790,1339,R
20,63,30090,50635,49786,11778,9631,3523,1907,1855,R
24,69,105642,15778,4706,19626,5328,7539,3435,2406,R
30,66,26783,7455,9421,12339,12102,12176,8355,1646,R
27,78,14083,9973,15999,28008,6568,7115,4679,1199,R
48,57,32103,22625,7440,19380,5948,15952,3158,1053,R
40,63,27347,27284,25661,21165,6204,11794,1789,1014,R
20,80,19521,46103,19661,25731,11134,3669,4114,1091,R
1,96,6132,9660,23365,32802,6350,2774,1420,1517,R
1,97,13124,20930,35699,7659,5399,7194,3779,728,R
16,91,3286,19160,11081,6324,3949,3211,1618,538,R
26,81,12416,15189,19875,9532,9043,4173,2651,1466,R
30,75,22859,15410,10502,17857,16038,9106,2353,1304,R
17,60,3291,55167,7294,13789,4417,4258,1969,1521,R
27,51,16467,27495,11560,4579,7309,10959,1002,2122,R
29,57,14004,11805,6649,40467,6283,6866,2316,1206,R
21,63,23016,12589,4744,17992,5672,3409,2350,540,R
35,67,48595,7945,3813,7166,9289,4242,1248,717,R
30,69,25484,35043,10416,9141,3806,9331,1336,1224,R
29,60,23129,12565,17279,2408,5412,2443,1946,1081,R
21,54,22689,24982,4619,3785,8870,2229,2036,1410,R
14,34,10229,103519,2398,3903,7152,7009,3003,1393,R
4,34,28133,32491,11088,28823,15634,6161,3489,1538,R
17,23,73289,15796,178,12455,12105,9016,2720,1474,R
30,35,16088,21738,13224,12319,7991,11175,2921,848,R
40,54,467153,72365,21464,11515,3317,16647,3426,746,R
29,35,15165,24579,20850,7261,3613,5206,3352,1123,U
10,44,610637,217044,20157,60641,24241,10979,4392,4570,U
34,60,1458607,456105,26043,135780,117819,58117,9270,7192,U
30,50,478197,34445,2762,5942,7473,1986,1120,618,U
20,53,221684,43269,17792,32836,7650,4772,1542,2361,U
14,53,1381843,824429,235986,76440,78750,16435,8011,5242,U
1,51,492267,168143,25608,8912,4386,4725,3833,3204,U
13,61,290596,22988,11811,4520,7762,4130,2498,631,U
20,56,42242,58523,22392,19519,8551,6150,1879,1884,U
61,54,24460,11006,2299,6406,12699,6028,4349,2638,U
84,66,91540,29077,14131,24722,37382,9798,5468,7510,U
74,61,1143168,486840,44221,124183,28880,29194,5371,2853,U
74,57,1751329,185355,54341,66647,32291,19967,7613,3994,U
48,75,325741,169839,114694,87015,18893,19998,9872,4912,U
43,90,41698,35141,68092,11528,10445,10552,2801,4686,U
60,69,43130,104446,8173,4606,2748,8397,4580,1782,U
60,74,27888,20259,19492,19337,8615,3080,4022,2331,U
61,64,25243,19148,25535,14797,22875,6617,2362,2745,U
56,60,22032,42960,7593,5738,11177,5327,8491,1656,U
61,90,92804,7669,6329,31768,33284,4618,3611,2640,U
74,75,401112,40068,9838,16346,9201,8880,5401,2036,U
67,64,51628,37114,11863,13631,12194,4806,6272,2191,U
54,75,157406,103622,37789,14159,5019,5610,2631,2240,U
20,81,16552,22166,4576,51886,6846,5166,3231,927,U
29,91,22670,19240,18665,21124,15761,7914,6073,4296,U
38,96,10731,42000,10729,21588,5510,4368,2512,3571,U
63,100,11034,9004,36115,5288,1710,4348,3493,4016,U
54,90,30433,48871,12759,2740,2256,2074,5162,5231,U
41,75,15815,71552,19096,17768,5252,6119,4265,524,U
53,80,34587,12030,14101,32416,8726,7829,3416,1417,U
61,75,14053,9052,11244,24051,3169,7019,4347,1412,U
81,93,7109,7743,32575,7368,10947,6938,3163,1942,U
84,100,43207,20904,2956,26873,8554,3768,1474,1753,U
80,84,18974,36349,16949,2952,4266,5598,5125,703,U
63,90,24260,10017,18108,53719,5423,3395,2879,2467,U
60,88,34163,9172,11386,20752,7260,4721,6545,1157,U
61,96,8889,9526,18328,25239,5443,4373,2522,1184,U
57,100,18966,8199,14207,19451,5922,3286,2090,2230,U
61,93,165112,45389,20312,10634,5362,4022,5120,3065,U
54,91,66903,20491,32051,9753,5871,5021,2499,3023,U
66,81,39944,16535,25378,6373,14635,10156,7374,1265,U
70,75,14083,13507,19827,8412,7050,4267,3056,2185,U
84,61,22606,38406,4264,5719,5754,6357,2773,3062,U
69,35,121856,158706,6002,12793,3885,4377,3476,1913,U
60,29,58316,54234,10628,25866,11464,8729,1757,1310,U
57,27,8171,20757,13518,19381,7119,5389,918,1978,U
41,40,36915,49554,22352,9818,8283,2938,2509,3149,U
60,70,90422,10498,26521,27723,8905,6711,2336,763,U
70,75,118255,21082,6966,14091,5416,9911,1691,610,U
81,83,22582,4829,22718,12489,6004,7478,3808,1502,U
90,93,14990,22701,26660,14874,3173,4767,3752,1729,U
90,78,3047,23159,11366,12007,9737,4786,2095,2821,U
88,81,2821,17502,16869,10714,7977,9803,5900,1412,U
88,70,9492,13760,3783,12972,3715,5564,2215,1326,U
81,77,10612,10326,23321,28336,8116,3232,3042,962,U
75,88,47663,19422,33469,16375,5495,4478,4379,1834,U
61,96,13296,9260,20424,13260,9163,3175,1983,724,U
40,100,21042,8846,21579,65085,6288,3380,4074,1080,U
30,17,240921,70927,14825,7641,7218,13838,3081,2820,U
30,30,1703725,525024,102463,57957,54624,16770,10209,2030,U
30,30,1640194,20012,48784,2526,7064,6677,1891,403,U
14,13,562684,190324,8408,7261,3522,2568,489,572,U
3,24,138238,15438,3807,13395,4782,1454,1135,109,U
1,26,91899,73661,4913,15349,4790,2154,2467,658,U
7,43,346398,22088,24042,18836,14137,3535,1400,587,U
40,64,1010618,14167,6111,9846,9179,5695,1817,775,U
43,64,166067,25322,9317,18474,3196,2829,2116,2277,U
41,70,347979,25204,3943,8868,3744,792,945,203,U
27,48,1352478,487150,55893,27178,10580,11894,5920,4362,U
3,53,707457,21844,9455,11855,5244,1090,1205,339,U
13,34,506609,89598,7085,8254,5808,2217,447,416,U
21,30,913380,229571,17572,23205,22620,12232,14746,2777,U
35,3,340579,37075,2096,787,14729,3059,1969,525,U
10,17,962809,119158,130151,91327,23631,5485,6296,1554,U
17,41,465725,26499,19045,13818,2010,2329,1875,1190,U
14,75,72033,27854,5173,2113,1960,1399,271,180,U
40,51,746570,70288,5078,10486,15625,10006,1225,1116,U
37,40,1371239,442137,97230,104164,94856,19174,9757,7732,U
38,48,783527,37677,49950,42099,47297,9328,1590,954,U
27,50,155160,80871,15934,7171,6911,1787,1384,414,U
8,50,765083,393075,24675,56794,21015,12169,3837,1895,U
4,29,1003382,438873,3063,23846,12333,11356,3818,4087,U
10,16,1112683,51272,7887,13378,9920,7588,1227,632,U
17,1,226723,269962,7454,15371,25793,8627,3616,1345,U
41,10,715002,28582,2964,12267,9648,6543,1280,810,U
54,29,109420,33726,12138,2907,4410,3455,1362,736,U
53,26,1193929,67907,3921,17931,15379,7408,3121,2056,U
70,43,1238059,196110,42460,37251,10851,38564,6449,2935,U
48,38,393741,66560,10252,6319,7203,1974,863,750,U
30,41,411003,109022,30930,33591,12356,3372,464,935,U
16,57,946678,62604,65950,7842,6445,3409,995,454,U
13,77,20284,4928,5156,10717,2769,2106,1615,903,U
13,69,738507,189582,13883,108564,8744,2877,4121,1659,U
1,67,228127,22275,22764,20254,6535,2234,1272,721,U
1,60,187911,64418,3180,4097,1372,1246,736,283,U
1,50,652289,134122,17048,18125,9151,4732,5102,2033,U
10,27,464466,356754,8024,21530,50872,7853,6581,2240,U
13,1,145467,144135,4945,15046,9878,8087,3593,2383,U
10,8,908732,378987,54326,25269,13528,5888,4326,1837,U
14,14,355633,46807,8524,18767,11382,3552,2179,1007,U
35,29,1162516,61851,28837,8244,54445,13271,4252,4884,U
38,37,654686,39068,2097,7987,3807,3216,1980,822,U
50,40,272290,39477,7205,4078,2631,1788,760,209,U
35,40,687392,380366,100620,49128,14896,7041,2174,1462,U
35,47,1694094,48022,17513,24736,8434,12807,905,438,U
14,41,687458,474383,42064,23168,4997,5718,3029,1254,U
7,40,688632,240661,41548,29176,49738,4923,2551,1710,U
14,21,199071,165392,4961,8130,4301,4906,2086,383,U
1,1,476081,357648,10297,8648,13244,6919,2489,1714,U
1,1,219070,61649,3342,4901,2028,1607,696,428,U
14,1,812660,339024,40633,54299,8965,21353,4111,1061,U
14,1,711279,141412,3527,11725,3519,4142,3065,841,U
30,30,44747,20228,34811,4163,10195,5434,3593,1401,U
11,17,447960,684465,49554,19579,46430,8743,3176,2049,D
1,16,592841,196619,37943,35870,18767,2668,3341,2025,D
7,16,532926,46548,4802,13580,8236,4764,3185,3357,D
3,27,60956,67533,28621,13906,4452,5548,7973,2059,D
11,63,201599,41935,14520,45175,13257,4367,2324,1342,D
14,64,858416,221815,82159,19449,26675,5572,6921,1643,D
10,61,142695,56930,9070,8461,6248,3045,4450,4438,D
10,70,193917,51996,49454,23671,6732,6644,3464,2698,D
10,50,249903,37837,2177,6042,1315,1697,1023,303,D
21,61,55214,30797,5809,28436,4580,8731,2466,2199,D
24,74,59551,15081,8076,2601,1918,1911,1604,577,D
24,69,55334,64588,32022,29890,6868,6244,5348,3669,D
35,64,27496,24371,5272,2017,10247,7413,3822,2926,D
35,53,24936,56289,2531,27344,11179,10333,5142,1687,D
29,60,76190,62557,36705,32624,16194,4797,2502,792,D
29,38,356288,80926,4014,12070,1119,4772,1865,1469,D
21,54,500084,88984,21403,27815,5835,6106,3354,1054,D
23,66,24856,4659,2416,7150,3971,2893,2642,1580,D
24,75,73156,17340,10482,35561,7925,2434,2715,1305,D
27,84,56697,15099,14171,18369,2812,4590,1290,2421,D
17,70,261355,82558,5263,24464,3825,4237,1026,2417,D
20,38,116960,104804,14086,8202,4340,5545,1956,2882,D
20,57,628676,96311,35543,15259,3016,7168,5207,2880,D
14,27,1103429,107013,5382,20136,9705,6118,4176,4603,D
13,35,347870,82361,40811,579,5175,3235,2231,2952,D
16,60,39402,24783,19080,12575,3834,4182,3377,2392,D
14,66,33636,49403,13921,35454,6914,3581,1601,741,D
26,100,16121,24786,3136,45884,3910,6374,1093,2289,D
21,83,375143,188384,23772,22859,7059,7741,2685,2913,D
23,63,131052,141723,17822,17460,10058,9145,2559,1628,D
20,57,40942,27219,9921,12496,3140,2537,3032,940,D
11,56,36582,156961,48918,37283,9236,3159,3971,1514,D
14,84,220196,27271,49121,51355,3446,10689,3990,1462,D
16,88,154219,35933,29873,15783,8576,5990,3574,1682,D
14,88,1847536,116725,54378,44826,8877,7443,3242,4836,D
27,97,634045,20984,17559,26624,3854,7616,2527,1620,D
26,75,37834,56554,4074,26676,20025,5369,3431,1581,D
17,54,931157,237322,41642,10319,6088,4261,4182,1466,D
23,35,1064839,256259,23121,29371,29761,25691,3155,2491,D
14,4,34904,17019,841,11025,9264,2603,2361,1323,D
11,1,72280,170156,3466,3519,2153,1480,1181,687,D
7,1,528113,179446,15185,11106,14648,5956,4434,1068,D
14,35,52485,23982,18786,48584,5111,8858,3177,760,D
3,27,252902,359402,27034,16877,2917,4430,576,641,D
14,41,931223,305452,37572,16778,10328,20591,4684,2996,D
14,26,10056,64425,7871,6591,2118,9058,2090,782,D
20,23,144496,107203,2849,8393,3423,3084,904,337,D
17,21,1240299,315799,6813,35901,18528,17981,4114,1171,D
24,37,87906,25612,14615,21202,5104,3169,2253,1587,D
17,54,300214,49718,38550,47365,12881,5792,4797,2814,D
16,61,78850,184497,6156,29271,4287,4607,1328,1310,D
24,81,22454,14953,4626,18316,7756,7641,1730,709,D
29,69,23035,42197,15095,6130,5972,9501,2599,1352,D
35,51,32805,53207,5379,8332,3341,5880,2648,626,D
100,57,447389,40832,3317,6203,19882,17515,1940,830,D
74,53,187425,179863,16651,19695,31977,16823,3666,3389,D
63,53,1180967,156514,9996,67537,48864,21292,10793,3474,D
16,53,731156,61952,16412,5381,14635,6426,2522,996,D
24,47,83185,30103,3119,1323,2325,4666,494,190,D
10,17,917146,956904,28235,27629,47232,28448,16919,2009,D
4,29,606669,389298,39781,105659,16530,18687,8525,5928,D
29,91,503948,77650,15993,6513,15368,4063,2959,631,D
1,90,1787876,189258,71100,64327,14120,10337,6312,4353,D
3,70,452273,653655,39288,62951,46403,46707,7862,5371,D
1,63,915089,331922,26632,37261,18123,21448,6830,1183,D
10,27,377538,71390,7514,6688,2960,2918,653,383,D
1,27,1199595,112539,12508,6146,17375,4976,2383,2282,D
4,43,656786,123033,25547,34859,9877,12838,2918,444,D
3,74,141591,74132,10795,14014,14740,3878,1575,1038,D
1,63,265202,370394,39778,41434,10937,8470,5840,2222,D
13,51,1311189,57977,7264,12810,34655,31562,3447,1254,D
35,100,2433261,22653,24335,171409,77634,18653,8733,4634,D
20,74,1358511,603090,72064,71131,110481,30751,26336,9053,D
27,69,677506,66057,40386,9130,5807,8604,6507,867,D
10,60,336009,158843,16526,32171,20493,5226,1273,1576,D
24,38,1839842,784669,50215,101337,84239,78480,7847,4396,D
63,53,41720,2375,5657,2016,2504,3897,539,175,D
14,63,2507895,461132,192564,108066,94062,20527,25864,4639,D
27,66,1974752,924164,224863,127890,87684,88556,27483,4035,D
11,53,283682,162825,72415,6486,28148,9908,7381,4731,D
30,38,1725730,109586,2621,18403,9649,9426,5015,3838,D
26,41,58986,147914,15298,12191,22595,7540,10924,1427,D
37,40,2622782,678512,105341,143181,79160,85388,12763,3428,D
35,37,407241,148728,23070,46448,96158,22683,13487,3526,D
40,63,2727230,235152,232839,262485,105343,84790,7488,6563,D
50,84,132624,13539,11511,6643,2507,2913,445,191,D
57,88,561589,60156,23885,24541,26396,19193,4604,2111,D
66,93,2295662,240914,131334,20912,145444,63381,5668,2429,D
43,67,164202,141587,15032,13953,10794,3650,2710,706,D
35,50,901537,100422,13210,12169,13796,6612,1664,488,D
24,57,706278,37251,15932,45760,33207,7725,2569,859,D
8,56,1915849,394541,58984,73678,48872,29108,6769,1950,D
30,53,2613556,566981,71550,79641,341208,86243,38326,13199,D
